{
  "ABIRoot": {
    "kind": "Root",
    "name": "TopLevel",
    "printedName": "TopLevel",
    "children": [
      {
        "kind": "Import",
        "name": "FeatureAApi",
        "printedName": "FeatureAApi",
        "declKind": "Import",
        "moduleName": "FeatureAImp",
        "declAttributes": [
          "RawDocComment"
        ]
      },
      {
        "kind": "Import",
        "name": "Foundation",
        "printedName": "Foundation",
        "declKind": "Import",
        "moduleName": "FeatureAImp"
      },
      {
        "kind": "Import",
        "name": "UIKit",
        "printedName": "UIKit",
        "declKind": "Import",
        "moduleName": "FeatureAImp"
      },
      {
        "kind": "TypeDecl",
        "name": "FeatureAAsembly",
        "printedName": "FeatureAAsembly",
        "children": [
          {
            "kind": "Function",
            "name": "startFlowVC",
            "printedName": "startFlowVC()",
            "children": [
              {
                "kind": "TypeNominal",
                "name": "Optional",
                "printedName": "UIKit.UIViewController?",
                "children": [
                  {
                    "kind": "TypeNominal",
                    "name": "UIViewController",
                    "printedName": "UIKit.UIViewController",
                    "usr": "c:objc(cs)UIViewController"
                  }
                ],
                "usr": "s:Sq"
              }
            ],
            "declKind": "Func",
            "usr": "s:11FeatureAImp0A8AAsemblyC11startFlowVCSo16UIViewControllerCSgyF",
            "mangledName": "$s11FeatureAImp0A8AAsemblyC11startFlowVCSo16UIViewControllerCSgyF",
            "moduleName": "FeatureAImp",
            "declAttributes": [
              "Final",
              "RawDocComment"
            ],
            "funcSelfKind": "NonMutating"
          },
          {
            "kind": "Constructor",
            "name": "init",
            "printedName": "init()",
            "children": [
              {
                "kind": "TypeNominal",
                "name": "FeatureAAsembly",
                "printedName": "FeatureAImp.FeatureAAsembly",
                "usr": "s:11FeatureAImp0A8AAsemblyC"
              }
            ],
            "declKind": "Constructor",
            "usr": "s:11FeatureAImp0A8AAsemblyCACycfc",
            "mangledName": "$s11FeatureAImp0A8AAsemblyCACycfc",
            "moduleName": "FeatureAImp",
            "implicit": true,
            "init_kind": "Designated"
          }
        ],
        "declKind": "Class",
        "usr": "s:11FeatureAImp0A8AAsemblyC",
        "mangledName": "$s11FeatureAImp0A8AAsemblyC",
        "moduleName": "FeatureAImp",
        "declAttributes": [
          "Final"
        ],
        "conformances": [
          {
            "kind": "Conformance",
            "name": "FeatureADIContainer",
            "printedName": "FeatureADIContainer",
            "usr": "s:11FeatureAApi0A12ADIContainerP",
            "mangledName": "$s11FeatureAApi0A12ADIContainerP"
          },
          {
            "kind": "Conformance",
            "name": "ModuleDIContainer",
            "printedName": "ModuleDIContainer",
            "usr": "s:9ModuleKit0A11DIContainerP",
            "mangledName": "$s9ModuleKit0A11DIContainerP"
          }
        ]
      },
      {
        "kind": "Import",
        "name": "Foundation",
        "printedName": "Foundation",
        "declKind": "Import",
        "moduleName": "FeatureAImp",
        "declAttributes": [
          "RawDocComment"
        ]
      },
      {
        "kind": "Import",
        "name": "ModuleKit",
        "printedName": "ModuleKit",
        "declKind": "Import",
        "moduleName": "FeatureAImp"
      },
      {
        "kind": "Function",
        "name": "makeFeatureABuilder",
        "printedName": "makeFeatureABuilder()",
        "children": [
          {
            "kind": "TypeNominal",
            "name": "UnsafeMutableRawPointer",
            "printedName": "Swift.UnsafeMutableRawPointer",
            "usr": "s:Sv"
          }
        ],
        "declKind": "Func",
        "usr": "c:(cm)makeFeatureABuilder",
        "mangledName": "$s11FeatureAImp04makeA8ABuilderSvyF",
        "moduleName": "FeatureAImp",
        "declAttributes": [
          "AccessControl",
          "CDecl"
        ],
        "funcSelfKind": "NonMutating"
      },
      {
        "kind": "TypeDecl",
        "name": "FeatureABuilder",
        "printedName": "FeatureABuilder",
        "children": [
          {
            "kind": "Function",
            "name": "build",
            "printedName": "build()",
            "children": [
              {
                "kind": "TypeNominal",
                "name": "ModuleDIContainer",
                "printedName": "any ModuleKit.ModuleDIContainer",
                "usr": "s:9ModuleKit0A11DIContainerP"
              }
            ],
            "declKind": "Func",
            "usr": "s:11FeatureAImp0A8ABuilderC5build9ModuleKit0E11DIContainer_pyF",
            "mangledName": "$s11FeatureAImp0A8ABuilderC5build9ModuleKit0E11DIContainer_pyF",
            "moduleName": "FeatureAImp",
            "overriding": true,
            "declAttributes": [
              "Final",
              "Override"
            ],
            "funcSelfKind": "NonMutating"
          },
          {
            "kind": "Constructor",
            "name": "init",
            "printedName": "init()",
            "children": [
              {
                "kind": "TypeNominal",
                "name": "FeatureABuilder",
                "printedName": "FeatureAImp.FeatureABuilder",
                "usr": "s:11FeatureAImp0A8ABuilderC"
              }
            ],
            "declKind": "Constructor",
            "usr": "s:11FeatureAImp0A8ABuilderCACycfc",
            "mangledName": "$s11FeatureAImp0A8ABuilderCACycfc",
            "moduleName": "FeatureAImp",
            "overriding": true,
            "implicit": true,
            "declAttributes": [
              "Override",
              "UsableFromInline"
            ],
            "init_kind": "Designated"
          }
        ],
        "declKind": "Class",
        "usr": "s:11FeatureAImp0A8ABuilderC",
        "mangledName": "$s11FeatureAImp0A8ABuilderC",
        "moduleName": "FeatureAImp",
        "declAttributes": [
          "Final",
          "RawDocComment"
        ],
        "superclassUsr": "s:9ModuleKit0A9DIBuilderC",
        "inheritsConvenienceInitializers": true,
        "superclassNames": [
          "ModuleKit.ModuleDIBuilder"
        ]
      },
      {
        "kind": "Import",
        "name": "Foundation",
        "printedName": "Foundation",
        "declKind": "Import",
        "moduleName": "FeatureAImp",
        "declAttributes": [
          "RawDocComment"
        ]
      },
      {
        "kind": "TypeDecl",
        "name": "ProviderImp",
        "printedName": "ProviderImp",
        "children": [
          {
            "kind": "Function",
            "name": "job",
            "printedName": "job(completion:)",
            "children": [
              {
                "kind": "TypeNominal",
                "name": "Void",
                "printedName": "()"
              },
              {
                "kind": "TypeFunc",
                "name": "Function",
                "printedName": "() -> ()",
                "children": [
                  {
                    "kind": "TypeNominal",
                    "name": "Void",
                    "printedName": "()"
                  },
                  {
                    "kind": "TypeNominal",
                    "name": "Void",
                    "printedName": "()"
                  }
                ]
              }
            ],
            "declKind": "Func",
            "usr": "s:11FeatureAImp11ProviderImpC3job10completionyyyc_tF",
            "mangledName": "$s11FeatureAImp11ProviderImpC3job10completionyyyc_tF",
            "moduleName": "FeatureAImp",
            "declAttributes": [
              "Final"
            ],
            "funcSelfKind": "NonMutating"
          },
          {
            "kind": "Constructor",
            "name": "init",
            "printedName": "init()",
            "children": [
              {
                "kind": "TypeNominal",
                "name": "ProviderImp",
                "printedName": "FeatureAImp.ProviderImp",
                "usr": "s:11FeatureAImp11ProviderImpC"
              }
            ],
            "declKind": "Constructor",
            "usr": "s:11FeatureAImp11ProviderImpCACycfc",
            "mangledName": "$s11FeatureAImp11ProviderImpCACycfc",
            "moduleName": "FeatureAImp",
            "implicit": true,
            "init_kind": "Designated"
          }
        ],
        "declKind": "Class",
        "usr": "s:11FeatureAImp11ProviderImpC",
        "mangledName": "$s11FeatureAImp11ProviderImpC",
        "moduleName": "FeatureAImp",
        "declAttributes": [
          "Final"
        ],
        "conformances": [
          {
            "kind": "Conformance",
            "name": "ProviderProtocol",
            "printedName": "ProviderProtocol",
            "usr": "s:11FeatureAImp16ProviderProtocolP",
            "mangledName": "$s11FeatureAImp16ProviderProtocolP"
          }
        ]
      },
      {
        "kind": "Import",
        "name": "Foundation",
        "printedName": "Foundation",
        "declKind": "Import",
        "moduleName": "FeatureAImp",
        "declAttributes": [
          "RawDocComment"
        ]
      },
      {
        "kind": "TypeDecl",
        "name": "ProviderProtocol",
        "printedName": "ProviderProtocol",
        "children": [
          {
            "kind": "Function",
            "name": "job",
            "printedName": "job(completion:)",
            "children": [
              {
                "kind": "TypeNominal",
                "name": "Void",
                "printedName": "()"
              },
              {
                "kind": "TypeFunc",
                "name": "Function",
                "printedName": "() -> ()",
                "children": [
                  {
                    "kind": "TypeNominal",
                    "name": "Void",
                    "printedName": "()"
                  },
                  {
                    "kind": "TypeNominal",
                    "name": "Void",
                    "printedName": "()"
                  }
                ]
              }
            ],
            "declKind": "Func",
            "usr": "s:11FeatureAImp16ProviderProtocolP3job10completionyyyc_tF",
            "mangledName": "$s11FeatureAImp16ProviderProtocolP3job10completionyyyc_tF",
            "moduleName": "FeatureAImp",
            "genericSig": "<τ_0_0 where τ_0_0 : FeatureAImp.ProviderProtocol>",
            "sugared_genericSig": "<Self where Self : FeatureAImp.ProviderProtocol>",
            "protocolReq": true,
            "reqNewWitnessTableEntry": true,
            "funcSelfKind": "NonMutating"
          }
        ],
        "declKind": "Protocol",
        "usr": "s:11FeatureAImp16ProviderProtocolP",
        "mangledName": "$s11FeatureAImp16ProviderProtocolP",
        "moduleName": "FeatureAImp"
      },
      {
        "kind": "Import",
        "name": "UIKit",
        "printedName": "UIKit",
        "declKind": "Import",
        "moduleName": "FeatureAImp",
        "declAttributes": [
          "RawDocComment"
        ]
      },
      {
        "kind": "TypeDecl",
        "name": "CustomVC",
        "printedName": "CustomVC",
        "children": [
          {
            "kind": "Constructor",
            "name": "init",
            "printedName": "init(provider:)",
            "children": [
              {
                "kind": "TypeNominal",
                "name": "CustomVC",
                "printedName": "FeatureAImp.CustomVC",
                "usr": "c:@M@FeatureAImp@objc(cs)CustomVC"
              },
              {
                "kind": "TypeNominal",
                "name": "ProviderProtocol",
                "printedName": "any FeatureAImp.ProviderProtocol",
                "usr": "s:11FeatureAImp16ProviderProtocolP"
              }
            ],
            "declKind": "Constructor",
            "usr": "s:11FeatureAImp8CustomVCC8providerAcA16ProviderProtocol_p_tcfc",
            "mangledName": "$s11FeatureAImp8CustomVCC8providerAcA16ProviderProtocol_p_tcfc",
            "moduleName": "FeatureAImp",
            "declAttributes": [
              "Custom",
              "RawDocComment"
            ],
            "init_kind": "Designated"
          },
          {
            "kind": "Function",
            "name": "viewDidLoad",
            "printedName": "viewDidLoad()",
            "children": [
              {
                "kind": "TypeNominal",
                "name": "Void",
                "printedName": "()"
              }
            ],
            "declKind": "Func",
            "usr": "c:@M@FeatureAImp@objc(cs)CustomVC(im)viewDidLoad",
            "mangledName": "$s11FeatureAImp8CustomVCC11viewDidLoadyyF",
            "moduleName": "FeatureAImp",
            "overriding": true,
            "objc_name": "viewDidLoad",
            "declAttributes": [
              "Final",
              "ObjC",
              "Custom",
              "Override"
            ],
            "funcSelfKind": "NonMutating"
          },
          {
            "kind": "Var",
            "name": "finishFlow",
            "printedName": "finishFlow",
            "children": [
              {
                "kind": "TypeNominal",
                "name": "Optional",
                "printedName": "(() -> ())?",
                "children": [
                  {
                    "kind": "TypeFunc",
                    "name": "Function",
                    "printedName": "() -> ()",
                    "children": [
                      {
                        "kind": "TypeNominal",
                        "name": "Void",
                        "printedName": "()"
                      },
                      {
                        "kind": "TypeNominal",
                        "name": "Void",
                        "printedName": "()"
                      }
                    ]
                  }
                ],
                "usr": "s:Sq"
              }
            ],
            "declKind": "Var",
            "usr": "s:11FeatureAImp8CustomVCC10finishFlowyycSgvp",
            "mangledName": "$s11FeatureAImp8CustomVCC10finishFlowyycSgvp",
            "moduleName": "FeatureAImp",
            "declAttributes": [
              "HasInitialValue",
              "Final",
              "HasStorage",
              "Custom",
              "RawDocComment"
            ],
            "fixedbinaryorder": 0,
            "hasStorage": true,
            "accessors": [
              {
                "kind": "Accessor",
                "name": "Get",
                "printedName": "Get()",
                "children": [
                  {
                    "kind": "TypeNominal",
                    "name": "Optional",
                    "printedName": "(() -> ())?",
                    "children": [
                      {
                        "kind": "TypeFunc",
                        "name": "Function",
                        "printedName": "() -> ()",
                        "children": [
                          {
                            "kind": "TypeNominal",
                            "name": "Void",
                            "printedName": "()"
                          },
                          {
                            "kind": "TypeNominal",
                            "name": "Void",
                            "printedName": "()"
                          }
                        ]
                      }
                    ],
                    "usr": "s:Sq"
                  }
                ],
                "declKind": "Accessor",
                "usr": "s:11FeatureAImp8CustomVCC10finishFlowyycSgvg",
                "mangledName": "$s11FeatureAImp8CustomVCC10finishFlowyycSgvg",
                "moduleName": "FeatureAImp",
                "implicit": true,
                "declAttributes": [
                  "Final"
                ],
                "accessorKind": "get"
              },
              {
                "kind": "Accessor",
                "name": "Set",
                "printedName": "Set()",
                "children": [
                  {
                    "kind": "TypeNominal",
                    "name": "Void",
                    "printedName": "()"
                  },
                  {
                    "kind": "TypeNominal",
                    "name": "Optional",
                    "printedName": "(() -> ())?",
                    "children": [
                      {
                        "kind": "TypeFunc",
                        "name": "Function",
                        "printedName": "() -> ()",
                        "children": [
                          {
                            "kind": "TypeNominal",
                            "name": "Void",
                            "printedName": "()"
                          },
                          {
                            "kind": "TypeNominal",
                            "name": "Void",
                            "printedName": "()"
                          }
                        ]
                      }
                    ],
                    "usr": "s:Sq"
                  }
                ],
                "declKind": "Accessor",
                "usr": "s:11FeatureAImp8CustomVCC10finishFlowyycSgvs",
                "mangledName": "$s11FeatureAImp8CustomVCC10finishFlowyycSgvs",
                "moduleName": "FeatureAImp",
                "implicit": true,
                "declAttributes": [
                  "Final"
                ],
                "accessorKind": "set"
              },
              {
                "kind": "Accessor",
                "name": "Modify",
                "printedName": "Modify()",
                "children": [
                  {
                    "kind": "TypeNominal",
                    "name": "Void",
                    "printedName": "()"
                  }
                ],
                "declKind": "Accessor",
                "usr": "s:11FeatureAImp8CustomVCC10finishFlowyycSgvM",
                "mangledName": "$s11FeatureAImp8CustomVCC10finishFlowyycSgvM",
                "moduleName": "FeatureAImp",
                "implicit": true,
                "declAttributes": [
                  "Final"
                ],
                "accessorKind": "_modify"
              }
            ]
          },
          {
            "kind": "Function",
            "name": "handler",
            "printedName": "handler(sender:)",
            "children": [
              {
                "kind": "TypeNominal",
                "name": "Void",
                "printedName": "()"
              },
              {
                "kind": "TypeNominal",
                "name": "UIButton",
                "printedName": "UIKit.UIButton",
                "usr": "c:objc(cs)UIButton"
              }
            ],
            "declKind": "Func",
            "usr": "c:@M@FeatureAImp@objc(cs)CustomVC(im)handlerWithSender:",
            "mangledName": "$s11FeatureAImp8CustomVCC7handler6senderySo8UIButtonC_tF",
            "moduleName": "FeatureAImp",
            "objc_name": "handlerWithSender:",
            "declAttributes": [
              "Final",
              "Custom",
              "ObjC"
            ],
            "funcSelfKind": "NonMutating"
          },
          {
            "kind": "Var",
            "name": "provider",
            "printedName": "provider",
            "children": [
              {
                "kind": "TypeNominal",
                "name": "ProviderProtocol",
                "printedName": "any FeatureAImp.ProviderProtocol",
                "usr": "s:11FeatureAImp16ProviderProtocolP"
              }
            ],
            "declKind": "Var",
            "usr": "s:11FeatureAImp8CustomVCC8provider33_39050917D8894B80219119B30E14CFF4LLAA16ProviderProtocol_pvp",
            "mangledName": "$s11FeatureAImp8CustomVCC8provider33_39050917D8894B80219119B30E14CFF4LLAA16ProviderProtocol_pvp",
            "moduleName": "FeatureAImp",
            "isInternal": true,
            "declAttributes": [
              "Final",
              "HasStorage",
              "Custom",
              "AccessControl",
              "RawDocComment"
            ],
            "fixedbinaryorder": 1,
            "isLet": true,
            "hasStorage": true
          },
          {
            "kind": "Constructor",
            "name": "init",
            "printedName": "init(nibName:bundle:)",
            "children": [
              {
                "kind": "TypeNominal",
                "name": "CustomVC",
                "printedName": "FeatureAImp.CustomVC",
                "usr": "c:@M@FeatureAImp@objc(cs)CustomVC"
              },
              {
                "kind": "TypeNominal",
                "name": "Optional",
                "printedName": "Swift.String?",
                "children": [
                  {
                    "kind": "TypeNominal",
                    "name": "String",
                    "printedName": "Swift.String",
                    "usr": "s:SS"
                  }
                ],
                "usr": "s:Sq"
              },
              {
                "kind": "TypeNominal",
                "name": "Optional",
                "printedName": "Foundation.Bundle?",
                "children": [
                  {
                    "kind": "TypeNominal",
                    "name": "Bundle",
                    "printedName": "Foundation.Bundle",
                    "usr": "c:objc(cs)NSBundle"
                  }
                ],
                "usr": "s:Sq"
              }
            ],
            "declKind": "Constructor",
            "usr": "c:@M@FeatureAImp@objc(cs)CustomVC(im)initWithNibName:bundle:",
            "mangledName": "$s11FeatureAImp8CustomVCC7nibName6bundleACSSSg_So8NSBundleCSgtcfc",
            "moduleName": "FeatureAImp",
            "overriding": true,
            "implicit": true,
            "objc_name": "initWithNibName:bundle:",
            "declAttributes": [
              "Dynamic",
              "ObjC",
              "Custom",
              "Override"
            ],
            "init_kind": "Designated"
          }
        ],
        "declKind": "Class",
        "usr": "c:@M@FeatureAImp@objc(cs)CustomVC",
        "mangledName": "$s11FeatureAImp8CustomVCC",
        "moduleName": "FeatureAImp",
        "declAttributes": [
          "Custom",
          "Final",
          "ObjC"
        ],
        "superclassUsr": "c:objc(cs)UIViewController",
        "superclassNames": [
          "UIKit.UIViewController",
          "UIKit.UIResponder",
          "ObjectiveC.NSObject"
        ],
        "conformances": [
          {
            "kind": "Conformance",
            "name": "Equatable",
            "printedName": "Equatable",
            "usr": "s:SQ",
            "mangledName": "$sSQ"
          },
          {
            "kind": "Conformance",
            "name": "Hashable",
            "printedName": "Hashable",
            "usr": "s:SH",
            "mangledName": "$sSH"
          },
          {
            "kind": "Conformance",
            "name": "CVarArg",
            "printedName": "CVarArg",
            "usr": "s:s7CVarArgP",
            "mangledName": "$ss7CVarArgP"
          },
          {
            "kind": "Conformance",
            "name": "_KeyValueCodingAndObservingPublishing",
            "printedName": "_KeyValueCodingAndObservingPublishing",
            "usr": "s:10Foundation37_KeyValueCodingAndObservingPublishingP",
            "mangledName": "$s10Foundation37_KeyValueCodingAndObservingPublishingP"
          },
          {
            "kind": "Conformance",
            "name": "_KeyValueCodingAndObserving",
            "printedName": "_KeyValueCodingAndObserving",
            "usr": "s:10Foundation27_KeyValueCodingAndObservingP",
            "mangledName": "$s10Foundation27_KeyValueCodingAndObservingP"
          },
          {
            "kind": "Conformance",
            "name": "CustomStringConvertible",
            "printedName": "CustomStringConvertible",
            "usr": "s:s23CustomStringConvertibleP",
            "mangledName": "$ss23CustomStringConvertibleP"
          },
          {
            "kind": "Conformance",
            "name": "CustomDebugStringConvertible",
            "printedName": "CustomDebugStringConvertible",
            "usr": "s:s28CustomDebugStringConvertibleP",
            "mangledName": "$ss28CustomDebugStringConvertibleP"
          },
          {
            "kind": "Conformance",
            "name": "UITraitChangeObservable",
            "printedName": "UITraitChangeObservable",
            "usr": "s:5UIKit23UITraitChangeObservableP",
            "mangledName": "$s5UIKit23UITraitChangeObservableP"
          }
        ]
      }
    ],
    "json_format_version": 8
  },
  "ConstValues": [
    {
      "filePath": "\/Users\/aleksandrbasalaev\/Projects\/superapp-ios\/Packages\/FeatureA\/Sources\/FeatureAImp\/Screens\/CustomVC.swift",
      "kind": "StringLiteral",
      "offset": 109,
      "length": 8,
      "value": "\"FeatureAImp.CustomVC\""
    }
  ]
}