{
  "ABIRoot": {
    "kind": "Root",
    "name": "TopLevel",
    "printedName": "TopLevel",
    "children": [
      {
        "kind": "Import",
        "name": "Foundation",
        "printedName": "Foundation",
        "declKind": "Import",
        "moduleName": "CustomModuleImp",
        "declAttributes": [
          "RawDocComment"
        ]
      },
      {
        "kind": "Import",
        "name": "CustomModuleApi",
        "printedName": "CustomModuleApi",
        "declKind": "Import",
        "moduleName": "CustomModuleImp"
      },
      {
        "kind": "Import",
        "name": "Foundation",
        "printedName": "Foundation",
        "declKind": "Import",
        "moduleName": "CustomModuleImp",
        "declAttributes": [
          "RawDocComment"
        ]
      },
      {
        "kind": "Import",
        "name": "CustomModuleApi",
        "printedName": "CustomModuleApi",
        "declKind": "Import",
        "moduleName": "CustomModuleImp"
      },
      {
        "kind": "Function",
        "name": "createPlugin",
        "printedName": "createPlugin()",
        "children": [
          {
            "kind": "TypeNominal",
            "name": "UnsafeMutableRawPointer",
            "printedName": "Swift.UnsafeMutableRawPointer",
            "usr": "s:Sv"
          }
        ],
        "declKind": "Func",
        "usr": "c:(cm)createPlugin",
        "mangledName": "$s15CustomModuleImp12createPluginSvyF",
        "moduleName": "CustomModuleImp",
        "declAttributes": [
          "AccessControl",
          "CDecl"
        ],
        "funcSelfKind": "NonMutating"
      }
    ],
    "json_format_version": 8
  },
  "ConstValues": []
}