{
  "ABIRoot": {
    "kind": "Root",
    "name": "TopLevel",
    "printedName": "TopLevel",
    "children": [
      {
        "kind": "Import",
        "name": "UIKit",
        "printedName": "UIKit",
        "declKind": "Import",
        "moduleName": "FeatureAImp",
        "declAttributes": [
          "RawDocComment"
        ]
      },
      {
        "kind": "Import",
        "name": "FeatureAApi",
        "printedName": "FeatureAApi",
        "declKind": "Import",
        "moduleName": "FeatureAImp",
        "declAttributes": [
          "RawDocComment"
        ]
      },
      {
        "kind": "Import",
        "name": "Foundation",
        "printedName": "Foundation",
        "declKind": "Import",
        "moduleName": "FeatureAImp"
      },
      {
        "kind": "Import",
        "name": "UIKit",
        "printedName": "UIKit",
        "declKind": "Import",
        "moduleName": "FeatureAImp"
      },
      {
        "kind": "Import",
        "name": "Foundation",
        "printedName": "Foundation",
        "declKind": "Import",
        "moduleName": "FeatureAImp",
        "declAttributes": [
          "RawDocComment"
        ]
      },
      {
        "kind": "Import",
        "name": "ModuleKit",
        "printedName": "ModuleKit",
        "declKind": "Import",
        "moduleName": "FeatureAImp"
      },
      {
        "kind": "Function",
        "name": "makeFeatureAImpBuilder",
        "printedName": "makeFeatureAImpBuilder()",
        "children": [
          {
            "kind": "TypeNominal",
            "name": "UnsafeMutableRawPointer",
            "printedName": "Swift.UnsafeMutableRawPointer",
            "usr": "s:Sv"
          }
        ],
        "declKind": "Func",
        "usr": "c:(cm)makeFeatureAImpBuilder",
        "mangledName": "$s11FeatureAImp04makeaB7BuilderSvyF",
        "moduleName": "FeatureAImp",
        "declAttributes": [
          "AccessControl",
          "CDecl"
        ],
        "funcSelfKind": "NonMutating"
      },
      {
        "kind": "Import",
        "name": "Foundation",
        "printedName": "Foundation",
        "declKind": "Import",
        "moduleName": "FeatureAImp",
        "declAttributes": [
          "RawDocComment"
        ]
      },
      {
        "kind": "Import",
        "name": "Foundation",
        "printedName": "Foundation",
        "declKind": "Import",
        "moduleName": "FeatureAImp",
        "declAttributes": [
          "RawDocComment"
        ]
      }
    ],
    "json_format_version": 8
  },
  "ConstValues": [
    {
      "filePath": "\/Users\/aleksandrbasalaev\/Projects\/superapp-ios\/Packages\/FeatureA\/Sources\/FeatureAImp\/Screens\/CustomVC.swift",
      "kind": "IntegerLiteral",
      "offset": 1323,
      "length": 3,
      "value": "100"
    },
    {
      "filePath": "\/Users\/aleksandrbasalaev\/Projects\/superapp-ios\/Packages\/FeatureA\/Sources\/FeatureAImp\/Screens\/CustomVC.swift",
      "kind": "IntegerLiteral",
      "offset": 1331,
      "length": 3,
      "value": "100"
    },
    {
      "filePath": "\/Users\/aleksandrbasalaev\/Projects\/superapp-ios\/Packages\/FeatureA\/Sources\/FeatureAImp\/Screens\/CustomVC.swift",
      "kind": "IntegerLiteral",
      "offset": 1343,
      "length": 3,
      "value": "320"
    },
    {
      "filePath": "\/Users\/aleksandrbasalaev\/Projects\/superapp-ios\/Packages\/FeatureA\/Sources\/FeatureAImp\/Screens\/CustomVC.swift",
      "kind": "IntegerLiteral",
      "offset": 1356,
      "length": 2,
      "value": "50"
    },
    {
      "filePath": "\/Users\/aleksandrbasalaev\/Projects\/superapp-ios\/Packages\/FeatureA\/Sources\/FeatureAImp\/Screens\/CustomVC.swift",
      "kind": "StringLiteral",
      "offset": 109,
      "length": 8,
      "value": "\"FeatureAImp.CustomVC\""
    }
  ]
}